惑前内靛,包访惑前
P00000GU,P00000GT;P00000GS;P00000GR;P00000GQ;P00000GP;P00000GO;P00000GN
P00000GT,P00000GU;P00000GS;P00000GR;P00000GQ;P00000GP;P00000GO;P00000GN
P00000GS,P00000GU;P00000GT;P00000GR;P00000GQ;P00000GP;P00000GO;P00000GN
P00000GR,P00000GU;P00000GT;P00000GS;P00000GQ;P00000GP;P00000GO;P00000GN
P00000GQ,P00000GU;P00000GT;P00000GS;P00000GR;P00000GP;P00000GO;P00000GN
P00000GP,P00000GU;P00000GT;P00000GS;P00000GR;P00000GQ;P00000GO;P00000GN
P00000GO,P00000GU;P00000GT;P00000GS;P00000GR;P00000GQ;P00000GP;P00000GN
P00000GN,P00000GU;P00000GT;P00000GS;P00000GR;P00000GQ;P00000GP;P00000GO
P00000GL,P00000GK;P00000GJ;P00000FU;P00000FT
P00000GK,P00000GL;P00000GJ;P00000FU;P00000FT
P00000GJ,P00000GL;P00000GK;P00000FU;P00000FT
P00000GC,P00000CY;P00000CX;P00000CV;P00000CU;P00000CT;P00000CR;P00000CP;P00000CM;P00000CJ;P00000CH;P00000CG;P00000CF;P00000CE;P00000CD;P00000CC;P00000CB;P00000CA;P00000BZ;P00000BY;P00000BX;P00000BW;P00000BV;P00000BU;P00000BT;P00000BS;P00000BR;P00000BQ;P00000BP;P00000BO;P00000BN;P00000BM;P00000BL;P00000BK;P00000BJ;P00000BI;P00000BH;P00000BG;P00000BF;P00000BE;P00000BD;P00000BC;P00000BB
P00000FU,P00000GL;P00000GK;P00000GJ;P00000FT
P00000FT,P00000GL;P00000GK;P00000GJ;P00000FU
P00000FR,
P00000FQ,
P00000FP,P00000FB;P00000FC;P00000FD;P00000FE;P00000FF;P00000FG;P00000CN;P00000CK
P00000FB,P00000FP;P00000FC;P00000FD;P00000FE;P00000FF;P00000FG;P00000CN;P00000CK
P00000FC,P00000FP;P00000FB;P00000FD;P00000FE;P00000FF;P00000FG;P00000CN;P00000CK
P00000FD,P00000FP;P00000FB;P00000FC;P00000FE;P00000FF;P00000FG;P00000CN;P00000CK
P00000FE,P00000FP;P00000FB;P00000FC;P00000FD;P00000FF;P00000FG;P00000CN;P00000CK
P00000FF,P00000FP;P00000FB;P00000FC;P00000FD;P00000FE;P00000FG;P00000CN;P00000CK
P00000FG,P00000FP;P00000FB;P00000FC;P00000FD;P00000FE;P00000FF;P00000CN;P00000CK
P00000DO,P00000DP;P00000DQ;P00000CZ
P00000DP,P00000DO;P00000DQ;P00000CZ
P00000DQ,P00000DO;P00000DP;P00000CZ
P00000CZ,P00000DO;P00000DP;P00000DQ
P00000CY,P00000GC;P00000CX;P00000CV;P00000CU;P00000CT;P00000CR;P00000CP;P00000CM;P00000CJ;P00000CH;P00000CG;P00000CF;P00000CE;P00000CD;P00000CC;P00000CB;P00000CA;P00000BZ;P00000BY;P00000BX;P00000BW;P00000BV;P00000BU;P00000BT;P00000BS;P00000BR;P00000BQ;P00000BP;P00000BO;P00000BN;P00000BM;P00000BL;P00000BK;P00000BJ;P00000BI;P00000BH;P00000BG;P00000BF;P00000BE;P00000BD;P00000BC;P00000BB
P00000CX,P00000GC;P00000CY;P00000CV;P00000CU;P00000CT;P00000CR;P00000CP;P00000CM;P00000CJ;P00000CH;P00000CG;P00000CF;P00000CE;P00000CD;P00000CC;P00000CB;P00000CA;P00000BZ;P00000BY;P00000BX;P00000BW;P00000BV;P00000BU;P00000BT;P00000BS;P00000BR;P00000BQ;P00000BP;P00000BO;P00000BN;P00000BM;P00000BL;P00000BK;P00000BJ;P00000BI;P00000BH;P00000BG;P00000BF;P00000BE;P00000BD;P00000BC;P00000BB
P00000CV,P00000GC;P00000CY;P00000CX;P00000CU;P00000CT;P00000CR;P00000CP;P00000CM;P00000CJ;P00000CH;P00000CG;P00000CF;P00000CE;P00000CD;P00000CC;P00000CB;P00000CA;P00000BZ;P00000BY;P00000BX;P00000BW;P00000BV;P00000BU;P00000BT;P00000BS;P00000BR;P00000BQ;P00000BP;P00000BO;P00000BN;P00000BM;P00000BL;P00000BK;P00000BJ;P00000BI;P00000BH;P00000BG;P00000BF;P00000BE;P00000BD;P00000BC;P00000BB
P00000CU,P00000GC;P00000CY;P00000CX;P00000CV;P00000CT;P00000CR;P00000CP;P00000CM;P00000CJ;P00000CH;P00000CG;P00000CF;P00000CE;P00000CD;P00000CC;P00000CB;P00000CA;P00000BZ;P00000BY;P00000BX;P00000BW;P00000BV;P00000BU;P00000BT;P00000BS;P00000BR;P00000BQ;P00000BP;P00000BO;P00000BN;P00000BM;P00000BL;P00000BK;P00000BJ;P00000BI;P00000BH;P00000BG;P00000BF;P00000BE;P00000BD;P00000BC;P00000BB
P00000CT,P00000GC;P00000CY;P00000CX;P00000CV;P00000CU;P00000CR;P00000CP;P00000CM;P00000CJ;P00000CH;P00000CG;P00000CF;P00000CE;P00000CD;P00000CC;P00000CB;P00000CA;P00000BZ;P00000BY;P00000BX;P00000BW;P00000BV;P00000BU;P00000BT;P00000BS;P00000BR;P00000BQ;P00000BP;P00000BO;P00000BN;P00000BM;P00000BL;P00000BK;P00000BJ;P00000BI;P00000BH;P00000BG;P00000BF;P00000BE;P00000BD;P00000BC;P00000BB
P00000CR,P00000GC;P00000CY;P00000CX;P00000CV;P00000CU;P00000CT;P00000CP;P00000CM;P00000CJ;P00000CH;P00000CG;P00000CF;P00000CE;P00000CD;P00000CC;P00000CB;P00000CA;P00000BZ;P00000BY;P00000BX;P00000BW;P00000BV;P00000BU;P00000BT;P00000BS;P00000BR;P00000BQ;P00000BP;P00000BO;P00000BN;P00000BM;P00000BL;P00000BK;P00000BJ;P00000BI;P00000BH;P00000BG;P00000BF;P00000BE;P00000BD;P00000BC;P00000BB
P00000CP,P00000GC;P00000CY;P00000CX;P00000CV;P00000CU;P00000CT;P00000CR;P00000CM;P00000CJ;P00000CH;P00000CG;P00000CF;P00000CE;P00000CD;P00000CC;P00000CB;P00000CA;P00000BZ;P00000BY;P00000BX;P00000BW;P00000BV;P00000BU;P00000BT;P00000BS;P00000BR;P00000BQ;P00000BP;P00000BO;P00000BN;P00000BM;P00000BL;P00000BK;P00000BJ;P00000BI;P00000BH;P00000BG;P00000BF;P00000BE;P00000BD;P00000BC;P00000BB
P00000CN,P00000FP;P00000FB;P00000FC;P00000FD;P00000FE;P00000FF;P00000FG;P00000CK
P00000CM,P00000GC;P00000CY;P00000CX;P00000CV;P00000CU;P00000CT;P00000CR;P00000CP;P00000CJ;P00000CH;P00000CG;P00000CF;P00000CE;P00000CD;P00000CC;P00000CB;P00000CA;P00000BZ;P00000BY;P00000BX;P00000BW;P00000BV;P00000BU;P00000BT;P00000BS;P00000BR;P00000BQ;P00000BP;P00000BO;P00000BN;P00000BM;P00000BL;P00000BK;P00000BJ;P00000BI;P00000BH;P00000BG;P00000BF;P00000BE;P00000BD;P00000BC;P00000BB
P00000CK,P00000FP;P00000FB;P00000FC;P00000FD;P00000FE;P00000FF;P00000FG;P00000CN
P00000CJ,P00000GC;P00000CY;P00000CX;P00000CV;P00000CU;P00000CT;P00000CR;P00000CP;P00000CM;P00000CH;P00000CG;P00000CF;P00000CE;P00000CD;P00000CC;P00000CB;P00000CA;P00000BZ;P00000BY;P00000BX;P00000BW;P00000BV;P00000BU;P00000BT;P00000BS;P00000BR;P00000BQ;P00000BP;P00000BO;P00000BN;P00000BM;P00000BL;P00000BK;P00000BJ;P00000BI;P00000BH;P00000BG;P00000BF;P00000BE;P00000BD;P00000BC;P00000BB
P00000CH,P00000GC;P00000CY;P00000CX;P00000CV;P00000CU;P00000CT;P00000CR;P00000CP;P00000CM;P00000CJ;P00000CG;P00000CF;P00000CE;P00000CD;P00000CC;P00000CB;P00000CA;P00000BZ;P00000BY;P00000BX;P00000BW;P00000BV;P00000BU;P00000BT;P00000BS;P00000BR;P00000BQ;P00000BP;P00000BO;P00000BN;P00000BM;P00000BL;P00000BK;P00000BJ;P00000BI;P00000BH;P00000BG;P00000BF;P00000BE;P00000BD;P00000BC;P00000BB
P00000CG,P00000GC;P00000CY;P00000CX;P00000CV;P00000CU;P00000CT;P00000CR;P00000CP;P00000CM;P00000CJ;P00000CH;P00000CF;P00000CE;P00000CD;P00000CC;P00000CB;P00000CA;P00000BZ;P00000BY;P00000BX;P00000BW;P00000BV;P00000BU;P00000BT;P00000BS;P00000BR;P00000BQ;P00000BP;P00000BO;P00000BN;P00000BM;P00000BL;P00000BK;P00000BJ;P00000BI;P00000BH;P00000BG;P00000BF;P00000BE;P00000BD;P00000BC;P00000BB
P00000CF,P00000GC;P00000CY;P00000CX;P00000CV;P00000CU;P00000CT;P00000CR;P00000CP;P00000CM;P00000CJ;P00000CH;P00000CG;P00000CE;P00000CD;P00000CC;P00000CB;P00000CA;P00000BZ;P00000BY;P00000BX;P00000BW;P00000BV;P00000BU;P00000BT;P00000BS;P00000BR;P00000BQ;P00000BP;P00000BO;P00000BN;P00000BM;P00000BL;P00000BK;P00000BJ;P00000BI;P00000BH;P00000BG;P00000BF;P00000BE;P00000BD;P00000BC;P00000BB
P00000CE,P00000GC;P00000CY;P00000CX;P00000CV;P00000CU;P00000CT;P00000CR;P00000CP;P00000CM;P00000CJ;P00000CH;P00000CG;P00000CF;P00000CD;P00000CC;P00000CB;P00000CA;P00000BZ;P00000BY;P00000BX;P00000BW;P00000BV;P00000BU;P00000BT;P00000BS;P00000BR;P00000BQ;P00000BP;P00000BO;P00000BN;P00000BM;P00000BL;P00000BK;P00000BJ;P00000BI;P00000BH;P00000BG;P00000BF;P00000BE;P00000BD;P00000BC;P00000BB
P00000CD,P00000GC;P00000CY;P00000CX;P00000CV;P00000CU;P00000CT;P00000CR;P00000CP;P00000CM;P00000CJ;P00000CH;P00000CG;P00000CF;P00000CE;P00000CC;P00000CB;P00000CA;P00000BZ;P00000BY;P00000BX;P00000BW;P00000BV;P00000BU;P00000BT;P00000BS;P00000BR;P00000BQ;P00000BP;P00000BO;P00000BN;P00000BM;P00000BL;P00000BK;P00000BJ;P00000BI;P00000BH;P00000BG;P00000BF;P00000BE;P00000BD;P00000BC;P00000BB
P00000CC,P00000GC;P00000CY;P00000CX;P00000CV;P00000CU;P00000CT;P00000CR;P00000CP;P00000CM;P00000CJ;P00000CH;P00000CG;P00000CF;P00000CE;P00000CD;P00000CB;P00000CA;P00000BZ;P00000BY;P00000BX;P00000BW;P00000BV;P00000BU;P00000BT;P00000BS;P00000BR;P00000BQ;P00000BP;P00000BO;P00000BN;P00000BM;P00000BL;P00000BK;P00000BJ;P00000BI;P00000BH;P00000BG;P00000BF;P00000BE;P00000BD;P00000BC;P00000BB
P00000CB,P00000GC;P00000CY;P00000CX;P00000CV;P00000CU;P00000CT;P00000CR;P00000CP;P00000CM;P00000CJ;P00000CH;P00000CG;P00000CF;P00000CE;P00000CD;P00000CC;P00000CA;P00000BZ;P00000BY;P00000BX;P00000BW;P00000BV;P00000BU;P00000BT;P00000BS;P00000BR;P00000BQ;P00000BP;P00000BO;P00000BN;P00000BM;P00000BL;P00000BK;P00000BJ;P00000BI;P00000BH;P00000BG;P00000BF;P00000BE;P00000BD;P00000BC;P00000BB
P00000CA,P00000GC;P00000CY;P00000CX;P00000CV;P00000CU;P00000CT;P00000CR;P00000CP;P00000CM;P00000CJ;P00000CH;P00000CG;P00000CF;P00000CE;P00000CD;P00000CC;P00000CB;P00000BZ;P00000BY;P00000BX;P00000BW;P00000BV;P00000BU;P00000BT;P00000BS;P00000BR;P00000BQ;P00000BP;P00000BO;P00000BN;P00000BM;P00000BL;P00000BK;P00000BJ;P00000BI;P00000BH;P00000BG;P00000BF;P00000BE;P00000BD;P00000BC;P00000BB
P00000BZ,P00000GC;P00000CY;P00000CX;P00000CV;P00000CU;P00000CT;P00000CR;P00000CP;P00000CM;P00000CJ;P00000CH;P00000CG;P00000CF;P00000CE;P00000CD;P00000CC;P00000CB;P00000CA;P00000BY;P00000BX;P00000BW;P00000BV;P00000BU;P00000BT;P00000BS;P00000BR;P00000BQ;P00000BP;P00000BO;P00000BN;P00000BM;P00000BL;P00000BK;P00000BJ;P00000BI;P00000BH;P00000BG;P00000BF;P00000BE;P00000BD;P00000BC;P00000BB
P00000BY,P00000GC;P00000CY;P00000CX;P00000CV;P00000CU;P00000CT;P00000CR;P00000CP;P00000CM;P00000CJ;P00000CH;P00000CG;P00000CF;P00000CE;P00000CD;P00000CC;P00000CB;P00000CA;P00000BZ;P00000BX;P00000BW;P00000BV;P00000BU;P00000BT;P00000BS;P00000BR;P00000BQ;P00000BP;P00000BO;P00000BN;P00000BM;P00000BL;P00000BK;P00000BJ;P00000BI;P00000BH;P00000BG;P00000BF;P00000BE;P00000BD;P00000BC;P00000BB
P00000BX,P00000GC;P00000CY;P00000CX;P00000CV;P00000CU;P00000CT;P00000CR;P00000CP;P00000CM;P00000CJ;P00000CH;P00000CG;P00000CF;P00000CE;P00000CD;P00000CC;P00000CB;P00000CA;P00000BZ;P00000BY;P00000BW;P00000BV;P00000BU;P00000BT;P00000BS;P00000BR;P00000BQ;P00000BP;P00000BO;P00000BN;P00000BM;P00000BL;P00000BK;P00000BJ;P00000BI;P00000BH;P00000BG;P00000BF;P00000BE;P00000BD;P00000BC;P00000BB
P00000BW,P00000GC;P00000CY;P00000CX;P00000CV;P00000CU;P00000CT;P00000CR;P00000CP;P00000CM;P00000CJ;P00000CH;P00000CG;P00000CF;P00000CE;P00000CD;P00000CC;P00000CB;P00000CA;P00000BZ;P00000BY;P00000BX;P00000BV;P00000BU;P00000BT;P00000BS;P00000BR;P00000BQ;P00000BP;P00000BO;P00000BN;P00000BM;P00000BL;P00000BK;P00000BJ;P00000BI;P00000BH;P00000BG;P00000BF;P00000BE;P00000BD;P00000BC;P00000BB
P00000BV,P00000GC;P00000CY;P00000CX;P00000CV;P00000CU;P00000CT;P00000CR;P00000CP;P00000CM;P00000CJ;P00000CH;P00000CG;P00000CF;P00000CE;P00000CD;P00000CC;P00000CB;P00000CA;P00000BZ;P00000BY;P00000BX;P00000BW;P00000BU;P00000BT;P00000BS;P00000BR;P00000BQ;P00000BP;P00000BO;P00000BN;P00000BM;P00000BL;P00000BK;P00000BJ;P00000BI;P00000BH;P00000BG;P00000BF;P00000BE;P00000BD;P00000BC;P00000BB
P00000BU,P00000GC;P00000CY;P00000CX;P00000CV;P00000CU;P00000CT;P00000CR;P00000CP;P00000CM;P00000CJ;P00000CH;P00000CG;P00000CF;P00000CE;P00000CD;P00000CC;P00000CB;P00000CA;P00000BZ;P00000BY;P00000BX;P00000BW;P00000BV;P00000BT;P00000BS;P00000BR;P00000BQ;P00000BP;P00000BO;P00000BN;P00000BM;P00000BL;P00000BK;P00000BJ;P00000BI;P00000BH;P00000BG;P00000BF;P00000BE;P00000BD;P00000BC;P00000BB
P00000BT,P00000GC;P00000CY;P00000CX;P00000CV;P00000CU;P00000CT;P00000CR;P00000CP;P00000CM;P00000CJ;P00000CH;P00000CG;P00000CF;P00000CE;P00000CD;P00000CC;P00000CB;P00000CA;P00000BZ;P00000BY;P00000BX;P00000BW;P00000BV;P00000BU;P00000BS;P00000BR;P00000BQ;P00000BP;P00000BO;P00000BN;P00000BM;P00000BL;P00000BK;P00000BJ;P00000BI;P00000BH;P00000BG;P00000BF;P00000BE;P00000BD;P00000BC;P00000BB
P00000BS,P00000GC;P00000CY;P00000CX;P00000CV;P00000CU;P00000CT;P00000CR;P00000CP;P00000CM;P00000CJ;P00000CH;P00000CG;P00000CF;P00000CE;P00000CD;P00000CC;P00000CB;P00000CA;P00000BZ;P00000BY;P00000BX;P00000BW;P00000BV;P00000BU;P00000BT;P00000BR;P00000BQ;P00000BP;P00000BO;P00000BN;P00000BM;P00000BL;P00000BK;P00000BJ;P00000BI;P00000BH;P00000BG;P00000BF;P00000BE;P00000BD;P00000BC;P00000BB
P00000BR,P00000GC;P00000CY;P00000CX;P00000CV;P00000CU;P00000CT;P00000CR;P00000CP;P00000CM;P00000CJ;P00000CH;P00000CG;P00000CF;P00000CE;P00000CD;P00000CC;P00000CB;P00000CA;P00000BZ;P00000BY;P00000BX;P00000BW;P00000BV;P00000BU;P00000BT;P00000BS;P00000BQ;P00000BP;P00000BO;P00000BN;P00000BM;P00000BL;P00000BK;P00000BJ;P00000BI;P00000BH;P00000BG;P00000BF;P00000BE;P00000BD;P00000BC;P00000BB
P00000BQ,P00000GC;P00000CY;P00000CX;P00000CV;P00000CU;P00000CT;P00000CR;P00000CP;P00000CM;P00000CJ;P00000CH;P00000CG;P00000CF;P00000CE;P00000CD;P00000CC;P00000CB;P00000CA;P00000BZ;P00000BY;P00000BX;P00000BW;P00000BV;P00000BU;P00000BT;P00000BS;P00000BR;P00000BP;P00000BO;P00000BN;P00000BM;P00000BL;P00000BK;P00000BJ;P00000BI;P00000BH;P00000BG;P00000BF;P00000BE;P00000BD;P00000BC;P00000BB
P00000BP,P00000GC;P00000CY;P00000CX;P00000CV;P00000CU;P00000CT;P00000CR;P00000CP;P00000CM;P00000CJ;P00000CH;P00000CG;P00000CF;P00000CE;P00000CD;P00000CC;P00000CB;P00000CA;P00000BZ;P00000BY;P00000BX;P00000BW;P00000BV;P00000BU;P00000BT;P00000BS;P00000BR;P00000BQ;P00000BO;P00000BN;P00000BM;P00000BL;P00000BK;P00000BJ;P00000BI;P00000BH;P00000BG;P00000BF;P00000BE;P00000BD;P00000BC;P00000BB
P00000BO,P00000GC;P00000CY;P00000CX;P00000CV;P00000CU;P00000CT;P00000CR;P00000CP;P00000CM;P00000CJ;P00000CH;P00000CG;P00000CF;P00000CE;P00000CD;P00000CC;P00000CB;P00000CA;P00000BZ;P00000BY;P00000BX;P00000BW;P00000BV;P00000BU;P00000BT;P00000BS;P00000BR;P00000BQ;P00000BP;P00000BN;P00000BM;P00000BL;P00000BK;P00000BJ;P00000BI;P00000BH;P00000BG;P00000BF;P00000BE;P00000BD;P00000BC;P00000BB
P00000BN,P00000GC;P00000CY;P00000CX;P00000CV;P00000CU;P00000CT;P00000CR;P00000CP;P00000CM;P00000CJ;P00000CH;P00000CG;P00000CF;P00000CE;P00000CD;P00000CC;P00000CB;P00000CA;P00000BZ;P00000BY;P00000BX;P00000BW;P00000BV;P00000BU;P00000BT;P00000BS;P00000BR;P00000BQ;P00000BP;P00000BO;P00000BM;P00000BL;P00000BK;P00000BJ;P00000BI;P00000BH;P00000BG;P00000BF;P00000BE;P00000BD;P00000BC;P00000BB
P00000BM,P00000GC;P00000CY;P00000CX;P00000CV;P00000CU;P00000CT;P00000CR;P00000CP;P00000CM;P00000CJ;P00000CH;P00000CG;P00000CF;P00000CE;P00000CD;P00000CC;P00000CB;P00000CA;P00000BZ;P00000BY;P00000BX;P00000BW;P00000BV;P00000BU;P00000BT;P00000BS;P00000BR;P00000BQ;P00000BP;P00000BO;P00000BN;P00000BL;P00000BK;P00000BJ;P00000BI;P00000BH;P00000BG;P00000BF;P00000BE;P00000BD;P00000BC;P00000BB
P00000BL,P00000GC;P00000CY;P00000CX;P00000CV;P00000CU;P00000CT;P00000CR;P00000CP;P00000CM;P00000CJ;P00000CH;P00000CG;P00000CF;P00000CE;P00000CD;P00000CC;P00000CB;P00000CA;P00000BZ;P00000BY;P00000BX;P00000BW;P00000BV;P00000BU;P00000BT;P00000BS;P00000BR;P00000BQ;P00000BP;P00000BO;P00000BN;P00000BM;P00000BK;P00000BJ;P00000BI;P00000BH;P00000BG;P00000BF;P00000BE;P00000BD;P00000BC;P00000BB
P00000BK,P00000GC;P00000CY;P00000CX;P00000CV;P00000CU;P00000CT;P00000CR;P00000CP;P00000CM;P00000CJ;P00000CH;P00000CG;P00000CF;P00000CE;P00000CD;P00000CC;P00000CB;P00000CA;P00000BZ;P00000BY;P00000BX;P00000BW;P00000BV;P00000BU;P00000BT;P00000BS;P00000BR;P00000BQ;P00000BP;P00000BO;P00000BN;P00000BM;P00000BL;P00000BJ;P00000BI;P00000BH;P00000BG;P00000BF;P00000BE;P00000BD;P00000BC;P00000BB
P00000BJ,P00000GC;P00000CY;P00000CX;P00000CV;P00000CU;P00000CT;P00000CR;P00000CP;P00000CM;P00000CJ;P00000CH;P00000CG;P00000CF;P00000CE;P00000CD;P00000CC;P00000CB;P00000CA;P00000BZ;P00000BY;P00000BX;P00000BW;P00000BV;P00000BU;P00000BT;P00000BS;P00000BR;P00000BQ;P00000BP;P00000BO;P00000BN;P00000BM;P00000BL;P00000BK;P00000BI;P00000BH;P00000BG;P00000BF;P00000BE;P00000BD;P00000BC;P00000BB
P00000BI,P00000GC;P00000CY;P00000CX;P00000CV;P00000CU;P00000CT;P00000CR;P00000CP;P00000CM;P00000CJ;P00000CH;P00000CG;P00000CF;P00000CE;P00000CD;P00000CC;P00000CB;P00000CA;P00000BZ;P00000BY;P00000BX;P00000BW;P00000BV;P00000BU;P00000BT;P00000BS;P00000BR;P00000BQ;P00000BP;P00000BO;P00000BN;P00000BM;P00000BL;P00000BK;P00000BJ;P00000BH;P00000BG;P00000BF;P00000BE;P00000BD;P00000BC;P00000BB
P00000BH,P00000GC;P00000CY;P00000CX;P00000CV;P00000CU;P00000CT;P00000CR;P00000CP;P00000CM;P00000CJ;P00000CH;P00000CG;P00000CF;P00000CE;P00000CD;P00000CC;P00000CB;P00000CA;P00000BZ;P00000BY;P00000BX;P00000BW;P00000BV;P00000BU;P00000BT;P00000BS;P00000BR;P00000BQ;P00000BP;P00000BO;P00000BN;P00000BM;P00000BL;P00000BK;P00000BJ;P00000BI;P00000BG;P00000BF;P00000BE;P00000BD;P00000BC;P00000BB
P00000BG,P00000GC;P00000CY;P00000CX;P00000CV;P00000CU;P00000CT;P00000CR;P00000CP;P00000CM;P00000CJ;P00000CH;P00000CG;P00000CF;P00000CE;P00000CD;P00000CC;P00000CB;P00000CA;P00000BZ;P00000BY;P00000BX;P00000BW;P00000BV;P00000BU;P00000BT;P00000BS;P00000BR;P00000BQ;P00000BP;P00000BO;P00000BN;P00000BM;P00000BL;P00000BK;P00000BJ;P00000BI;P00000BH;P00000BF;P00000BE;P00000BD;P00000BC;P00000BB
P00000BF,P00000GC;P00000CY;P00000CX;P00000CV;P00000CU;P00000CT;P00000CR;P00000CP;P00000CM;P00000CJ;P00000CH;P00000CG;P00000CF;P00000CE;P00000CD;P00000CC;P00000CB;P00000CA;P00000BZ;P00000BY;P00000BX;P00000BW;P00000BV;P00000BU;P00000BT;P00000BS;P00000BR;P00000BQ;P00000BP;P00000BO;P00000BN;P00000BM;P00000BL;P00000BK;P00000BJ;P00000BI;P00000BH;P00000BG;P00000BE;P00000BD;P00000BC;P00000BB
P00000BE,P00000GC;P00000CY;P00000CX;P00000CV;P00000CU;P00000CT;P00000CR;P00000CP;P00000CM;P00000CJ;P00000CH;P00000CG;P00000CF;P00000CE;P00000CD;P00000CC;P00000CB;P00000CA;P00000BZ;P00000BY;P00000BX;P00000BW;P00000BV;P00000BU;P00000BT;P00000BS;P00000BR;P00000BQ;P00000BP;P00000BO;P00000BN;P00000BM;P00000BL;P00000BK;P00000BJ;P00000BI;P00000BH;P00000BG;P00000BF;P00000BD;P00000BC;P00000BB
P00000BD,P00000GC;P00000CY;P00000CX;P00000CV;P00000CU;P00000CT;P00000CR;P00000CP;P00000CM;P00000CJ;P00000CH;P00000CG;P00000CF;P00000CE;P00000CD;P00000CC;P00000CB;P00000CA;P00000BZ;P00000BY;P00000BX;P00000BW;P00000BV;P00000BU;P00000BT;P00000BS;P00000BR;P00000BQ;P00000BP;P00000BO;P00000BN;P00000BM;P00000BL;P00000BK;P00000BJ;P00000BI;P00000BH;P00000BG;P00000BF;P00000BE;P00000BC;P00000BB
P00000BC,P00000GC;P00000CY;P00000CX;P00000CV;P00000CU;P00000CT;P00000CR;P00000CP;P00000CM;P00000CJ;P00000CH;P00000CG;P00000CF;P00000CE;P00000CD;P00000CC;P00000CB;P00000CA;P00000BZ;P00000BY;P00000BX;P00000BW;P00000BV;P00000BU;P00000BT;P00000BS;P00000BR;P00000BQ;P00000BP;P00000BO;P00000BN;P00000BM;P00000BL;P00000BK;P00000BJ;P00000BI;P00000BH;P00000BG;P00000BF;P00000BE;P00000BD;P00000BB
P00000BB,P00000GC;P00000CY;P00000CX;P00000CV;P00000CU;P00000CT;P00000CR;P00000CP;P00000CM;P00000CJ;P00000CH;P00000CG;P00000CF;P00000CE;P00000CD;P00000CC;P00000CB;P00000CA;P00000BZ;P00000BY;P00000BX;P00000BW;P00000BV;P00000BU;P00000BT;P00000BS;P00000BR;P00000BQ;P00000BP;P00000BO;P00000BN;P00000BM;P00000BL;P00000BK;P00000BJ;P00000BI;P00000BH;P00000BG;P00000BF;P00000BE;P00000BD;P00000BC
P00000BA,P00000AZ;P00000AY;P00000AX;P00000AW;P00000AV
P00000AZ,P00000BA;P00000AY;P00000AX;P00000AW;P00000AV
P00000AY,P00000BA;P00000AZ;P00000AX;P00000AW;P00000AV
P00000AX,P00000BA;P00000AZ;P00000AY;P00000AW;P00000AV
P00000AW,P00000BA;P00000AZ;P00000AY;P00000AX;P00000AV
P00000AV,P00000BA;P00000AZ;P00000AY;P00000AX;P00000AW
P00000AT,P00000AS;P00000AR
P00000AS,P00000AT;P00000AR
P00000AR,P00000AT;P00000AS
P00000AP,P00000AK;P00000AJ;P00000AI;P00000AH;P00000AG;P00000AF;P00000AE;P00000AD;P00000AC;P00000AB;P00000AA;P00000Z;P00000Y;P00000X;P00000W;P00000V;P00000U;P00000T
P00000AK,P00000AP;P00000AJ;P00000AI;P00000AH;P00000AG;P00000AF;P00000AE;P00000AD;P00000AC;P00000AB;P00000AA;P00000Z;P00000Y;P00000X;P00000W;P00000V;P00000U;P00000T
P00000AJ,P00000AP;P00000AK;P00000AI;P00000AH;P00000AG;P00000AF;P00000AE;P00000AD;P00000AC;P00000AB;P00000AA;P00000Z;P00000Y;P00000X;P00000W;P00000V;P00000U;P00000T
P00000AI,P00000AP;P00000AK;P00000AJ;P00000AH;P00000AG;P00000AF;P00000AE;P00000AD;P00000AC;P00000AB;P00000AA;P00000Z;P00000Y;P00000X;P00000W;P00000V;P00000U;P00000T
P00000AH,P00000AP;P00000AK;P00000AJ;P00000AI;P00000AG;P00000AF;P00000AE;P00000AD;P00000AC;P00000AB;P00000AA;P00000Z;P00000Y;P00000X;P00000W;P00000V;P00000U;P00000T
P00000AG,P00000AP;P00000AK;P00000AJ;P00000AI;P00000AH;P00000AF;P00000AE;P00000AD;P00000AC;P00000AB;P00000AA;P00000Z;P00000Y;P00000X;P00000W;P00000V;P00000U;P00000T
P00000AF,P00000AP;P00000AK;P00000AJ;P00000AI;P00000AH;P00000AG;P00000AE;P00000AD;P00000AC;P00000AB;P00000AA;P00000Z;P00000Y;P00000X;P00000W;P00000V;P00000U;P00000T
P00000AE,P00000AP;P00000AK;P00000AJ;P00000AI;P00000AH;P00000AG;P00000AF;P00000AD;P00000AC;P00000AB;P00000AA;P00000Z;P00000Y;P00000X;P00000W;P00000V;P00000U;P00000T
P00000AD,P00000AP;P00000AK;P00000AJ;P00000AI;P00000AH;P00000AG;P00000AF;P00000AE;P00000AC;P00000AB;P00000AA;P00000Z;P00000Y;P00000X;P00000W;P00000V;P00000U;P00000T
P00000AC,P00000AP;P00000AK;P00000AJ;P00000AI;P00000AH;P00000AG;P00000AF;P00000AE;P00000AD;P00000AB;P00000AA;P00000Z;P00000Y;P00000X;P00000W;P00000V;P00000U;P00000T
P00000AB,P00000AP;P00000AK;P00000AJ;P00000AI;P00000AH;P00000AG;P00000AF;P00000AE;P00000AD;P00000AC;P00000AA;P00000Z;P00000Y;P00000X;P00000W;P00000V;P00000U;P00000T
P00000AA,P00000AP;P00000AK;P00000AJ;P00000AI;P00000AH;P00000AG;P00000AF;P00000AE;P00000AD;P00000AC;P00000AB;P00000Z;P00000Y;P00000X;P00000W;P00000V;P00000U;P00000T
P00000Z,P00000AP;P00000AK;P00000AJ;P00000AI;P00000AH;P00000AG;P00000AF;P00000AE;P00000AD;P00000AC;P00000AB;P00000AA;P00000Y;P00000X;P00000W;P00000V;P00000U;P00000T
P00000Y,P00000AP;P00000AK;P00000AJ;P00000AI;P00000AH;P00000AG;P00000AF;P00000AE;P00000AD;P00000AC;P00000AB;P00000AA;P00000Z;P00000X;P00000W;P00000V;P00000U;P00000T
P00000X,P00000AP;P00000AK;P00000AJ;P00000AI;P00000AH;P00000AG;P00000AF;P00000AE;P00000AD;P00000AC;P00000AB;P00000AA;P00000Z;P00000Y;P00000W;P00000V;P00000U;P00000T
P00000W,P00000AP;P00000AK;P00000AJ;P00000AI;P00000AH;P00000AG;P00000AF;P00000AE;P00000AD;P00000AC;P00000AB;P00000AA;P00000Z;P00000Y;P00000X;P00000V;P00000U;P00000T
P00000V,P00000AP;P00000AK;P00000AJ;P00000AI;P00000AH;P00000AG;P00000AF;P00000AE;P00000AD;P00000AC;P00000AB;P00000AA;P00000Z;P00000Y;P00000X;P00000W;P00000U;P00000T
P00000U,P00000AP;P00000AK;P00000AJ;P00000AI;P00000AH;P00000AG;P00000AF;P00000AE;P00000AD;P00000AC;P00000AB;P00000AA;P00000Z;P00000Y;P00000X;P00000W;P00000V;P00000T
P00000T,P00000AP;P00000AK;P00000AJ;P00000AI;P00000AH;P00000AG;P00000AF;P00000AE;P00000AD;P00000AC;P00000AB;P00000AA;P00000Z;P00000Y;P00000X;P00000W;P00000V;P00000U
P00000S,P00000R;P00000Q;P00000P
P00000R,P00000S;P00000Q;P00000P
P00000Q,P00000S;P00000R;P00000P
P00000P,P00000S;P00000R;P00000Q
P00000O,P00000N;P00000M;P00000L;P00000K;P00000J;P00000I;P00000H;P00000G;P00000F;P00000E;P00000D;P00000C;P00000B;P00000A
P00000N,P00000O;P00000M;P00000L;P00000K;P00000J;P00000I;P00000H;P00000G;P00000F;P00000E;P00000D;P00000C;P00000B;P00000A
P00000M,P00000O;P00000N;P00000L;P00000K;P00000J;P00000I;P00000H;P00000G;P00000F;P00000E;P00000D;P00000C;P00000B;P00000A
P00000L,P00000O;P00000N;P00000M;P00000K;P00000J;P00000I;P00000H;P00000G;P00000F;P00000E;P00000D;P00000C;P00000B;P00000A
P00000K,P00000O;P00000N;P00000M;P00000L;P00000J;P00000I;P00000H;P00000G;P00000F;P00000E;P00000D;P00000C;P00000B;P00000A
P00000J,P00000O;P00000N;P00000M;P00000L;P00000K;P00000I;P00000H;P00000G;P00000F;P00000E;P00000D;P00000C;P00000B;P00000A
P00000I,P00000O;P00000N;P00000M;P00000L;P00000K;P00000J;P00000H;P00000G;P00000F;P00000E;P00000D;P00000C;P00000B;P00000A
P00000H,P00000O;P00000N;P00000M;P00000L;P00000K;P00000J;P00000I;P00000G;P00000F;P00000E;P00000D;P00000C;P00000B;P00000A
P00000G,P00000O;P00000N;P00000M;P00000L;P00000K;P00000J;P00000I;P00000H;P00000F;P00000E;P00000D;P00000C;P00000B;P00000A
P00000F,P00000O;P00000N;P00000M;P00000L;P00000K;P00000J;P00000I;P00000H;P00000G;P00000E;P00000D;P00000C;P00000B;P00000A
P00000E,P00000O;P00000N;P00000M;P00000L;P00000K;P00000J;P00000I;P00000H;P00000G;P00000F;P00000D;P00000C;P00000B;P00000A
P00000D,P00000O;P00000N;P00000M;P00000L;P00000K;P00000J;P00000I;P00000H;P00000G;P00000F;P00000E;P00000C;P00000B;P00000A
P00000C,P00000O;P00000N;P00000M;P00000L;P00000K;P00000J;P00000I;P00000H;P00000G;P00000F;P00000E;P00000D;P00000B;P00000A
P00000B,P00000O;P00000N;P00000M;P00000L;P00000K;P00000J;P00000I;P00000H;P00000G;P00000F;P00000E;P00000D;P00000C;P00000A
P00000A,P00000O;P00000N;P00000M;P00000L;P00000K;P00000J;P00000I;P00000H;P00000G;P00000F;P00000E;P00000D;P00000C;P00000B
